id,company,title
1,Lacoste,"Buyer, Footwear and Leather Goods"
2,Condé Nast,Executive Assistant
3,City of Boston,Human Resources Assistant
4,Hopper,Fraud Operations Analyst (100% Remote)
5,Supermercados Cidade Canção,"?REPOSITOR(A) DE FRUTAS, LEGUMES E VERDURAS"
6,Citywire,Media Sales Executive
7,Aux Talent,Human Resources Generalist
8,Sabra Dipping Company,"Senior Director, Financial Planning & Analysis"
9,Sierra Club,Recruiter
10,NHS Borders,Clinical Education Preceptor
11,"FPC of Greensboro, NC",Supply Chain Manager
12,UCLA Health,"Front Office Admin Support - Primary and Specialty Care, Montecito"
13,UCLA Health,RN - Westwood OR Surgery Center
14,City of Boston,Intern I
15,Lombardo Homes,Assistant Controller
16,Corient,Executive Assistant
17,Refined Hospitality Group,Crew Lead
18,Laurel Healthcare,Admissions Coordinator
19,SlingShot ConnectionS,Receptionist
20,Motion Recruitment,Marketing Coordinator
21,Denver Public Library,Chief Equity & Strategy Officer
22,Bose Corporation,Data Scientist
23,UCLA Health,"Patient Service Representative - Primary Care, Marina del Rey"
24,Asante,RN - Resource Team (Critical Care)
25,Lockheed Martin,F-35 Crew Chief
26,Asante,RN - Resource Team (Critical Care)
27,Lockheed Martin,F-35 Crew Chief
28,City of Boston,Library Aide
29,"Brookside Properties, Inc.",General Consideration
30,The Counseling Center,Administrative Assistant
31,Candid,Marketing Manager
32,Vinart Dealerships,Receptionist - Lehigh Valley Hyundai
33,TruFit Staffing,General Laborer
34,HighCloud Solutions,Bioinformatician
35,City of Boston,Assistant Events Coordinator
36,BL Harbert International LLC,Assistant Superintendent (ASSIS002672)
37,Washington Commanders,Inside Sales Representative
38,City of Boston,Chief Of Staff
39,City of Boston,Office Manager
40,Curate Partners,Healthcare Project Manager
41,The Colored Girls Museum,Social Media Manager
42,JLB,Event Services Manager
43,Roper St. Francis Healthcare,MD Receptionist
44,CEdge Inc.,Office Administrator
45,UNC Health Blue Ridge,Patient Care Assistant
46,UNC Health Blue Ridge,Patient Care Assistant
47,Access Healthcare Services,Executive Administrative Assistant
48,City of Boston,Chief of Staff
49,The Social Agency,Creative Assistant
50,City of Boston,Program Coordinator
